DIVISION,Pump Company,City,CUSTOMER,JOB,Job Code,Job Code,PO #,PM,Crew,Mud Start,SUPPLIER,"Footing /
Slab","Pump
Size","Operator /
CVC","Yards /
Tons"
01,CVC,LINCOLN,"TAYLOR MORRISON
",TURKEY CREEK ESPLANADE,TMTCE0,TMTCE0-38,01240474,JOSE H.,MIGUEL M.,7:00 AM,CEMEX,SLAB,40M,DIEGO,228+
01,CVC,ROSEVILLE,"JMC HOMES
",SIERRA VISTA PALISADE,JMSV20,JMSV20-20,01240475,JOSE H.,FELIPE G.,7:00 AM,CEMEX,SLAB,42,DAVID,256+
01,CVC,ORLAND,"DR HORTON
",AMBROSIA,DRAM00,DRAM00-01,01240476,RAMON,F. DURAN,7:00 AM,A & A,SLAB,39M,JAIME,80+
01,CVC,DIXON,"K HOV
",HOMESTEAD AUTUMN ,KVHSA0,"KVHSA0-0M
KVHSS0-0M",01240487,GAEL,ROGELIO,7:30 AM,CEMEX,SLAB,40,E LIMON,294+
01,CVC,DIXON,"K HOV
",HOMESTEAD SPRING,KVHSS0,"KVHSA0-0M
KVHSS0-0M",01240487,GAEL,ROGELIO,7:30 AM,CEMEX,SLAB,40,E LIMON,294+
01,CVC,ROSEVILLE,HOMES BY TOWN ,WHISPERING CREEK,HTWC00,HTWC00-04,01240478,RICO,ALEX,10:00 AM,A & A,FOOTINGS,47,TOM,160+
01,CVC,VACAVILLE,"NEW HOMES
",BRIGHTON LANDING (SHEFFIELD),NHBLS0,NHBLS0-27F,01240480,RENE JR.,JHOVANNY,7:00 AM,A & A,F/W,LINE,JESUS,30+
01,FOLLOW,DIXON,"RICHMOND AMERICAN
",ORCHARDS II,RAOR20,RAOR20-31F,01240481,RENE JR.,JHOVANNY,,A & A,F/W,LINE,JESUS,30+
01,CVC,ROSEVILLE,"TIMBERWORKS
",FIDDYMENT FARMS,TWFR00,TWFR00-09F,01240482,RENE JR.,ROBERTO,7:00 AM,ELITE,F/W,LINE,JOSE,50+
05,CCP,KERMAN,"CENTURY COMMUNITIES
",THE CROSSING II,CCTC20,CCTC20-13,05246033,SILVANO,"ARNULFO/
OVERLIN",6:00 AM,CEMEX,SLAB,38,SAL,171+
05,CVC,TULARE,"DR HORTON
",OAK CREEK II,DROC20,DROC20-03,05246010,JULIO C,LUIS,7:00 AM,CEMEX,SLAB,40,J GUZMAN,256+
05,CVC,FRESNO,"CENTURY COMMUNITIES
",OLIVEWOOD,CCOW00,CCOW00-22,05246048,ALBERT,"GERARDO
OVERLIN",6:00 AM,CEMEX,SLAB,40,CHRISTIAN,209+
05,GLENS PUMPING,MADERA,"McCAFFREY HOMES
",TESORO VIEJO IVY,MCTVI0,MCTVI0-05F / 06F,05245942,WILLIAM,VICTOR,7:00 AM,OUTBACK,F/W,LINE,,28+
05,GLENS PUMPING,MADERA,"McCAFFREY HOMES
",TESORO VIEJO IVY,MCTVI0,MCTVI0-05F / 06F,05245942,WILLIAM,VICTOR,7:00 AM,OUTBACK,F/W,LINE,,28+
05,CVC,HANFORD,SAN JOAQUIN,LIVE OAKS II,SJBLO2,SJBLO2-02L,03212695,LEO D.,"LAZARO/
ADOLFO",9:30 AM,CEMEX,F/W,LINE,ULISES,38+
06,CVC,SPARKS,JOHNSTONE MOYER,KILEY RANCH 6 APTS,JSKSA0,JSKSA0-04,06218845,WESLEY,HUGO,7:00 AM,CEMEX,SLAB,40M,MICAH,180+
06,CVC,RENO,"SAGE RIVER
",VISTA ENCLAVE,SRVE00,SRVE00-15,06218846,JOAQUIN,RIBIN,6:00 AM,CEMEX,SLAB,47M,GREG,500+
